{
    "version": 2,
    "name": "gta3.zip",
    "items": [
        "Grand Theft Auto 3.sh",
        "gta3"
    ],
    "items_opt": null,
    "attr": {
        "title": "Grand Theft Auto 3",
        "porter": [
            "Orson"
        ],
        "desc": "Welcome to Liberty City. Where it all began. The critically acclaimed blockbuster Grand Theft Auto III brings to life the dark and seedy underworld of Liberty City. With a massive and diverse open world, a wild cast of characters from every walk of life, and the freedom to explore at will, Grand Theft Auto III puts the dark, intriguing, and ruthless world of crime at your fingertips.",
        "inst": "Copy all files from the original game to roms/ports/gta3. The game requires assets from the classic version released in 2001 (not the Definitive Edition, 2021). Versions from Steam and Rockstar Store are confirmed to work fine.\n\nIf needed, readjust analog sticks sensitivity by changing LeftStickSens/RightStickSens values in re3.ini.",
        "genres": [
            "action"
        ],
        "image": null,
        "rtr": false,
        "runtime": null,
        "reqs": []
    },
    "status": {
        "source": "Unknown",
        "md5": null,
        "status": "Installed"
    },
    "files": {
        "port.json": "gta3/gta3.port.json",
        "Grand Theft Auto 3.sh": "Grand Theft Auto 3.sh",
        "gta3": "gta3"
    }
}